{
 "GravityOn": true,
 "InitialPositionX": 7.358891487121582,
 "InitialPositionY": -6.925790786743164,
 "InitialPositionZ": 4.958309173583984,
 "InitialRotationX": 1.1093189716339111,
 "InitialRotationY": 0.0,
 "InitialRotationZ": 0.8149281740188599
}
