{
 "Light": "POINT",
 "LightPositionX": 4.076245307922363,
 "LightPositionY": 1.0054539442062378,
 "LightPositionZ": 5.903861999511719,
 "LightEnergy": 1000.0,
 "LightRange": 29.999982833862305,
 "LightColorR": 1.0,
 "LightColorG": 1.0,
 "LightColorB": 1.0
}
